first_name,last_name,email,mobile
Joseph,Porten,Joseph_Porten@gmail.com,3219199979
Eugene,Hahm,Eugene_Hahm@gmail.com,3227155532
Spencer,Ingle,Spencer_Ingle@gmail.com,3230255197
Ashley,Paston,Ashley_Paston@gmail.com,3229487153
Alexander,Park,Alexander_Park@gmail.com,3240482421
Bryan,Stahl,Bryan_Stahl@gmail.com,3242506997
Benjamin,Funk,Benjamin_Funk@gmail.com,3250898846
John,Crowell,John_Crowell@gmail.com,3253025896
Alex,Page,Alex_Page@gmail.com,3257719508
AJ,Malhotra ,AJ_Malhotra @gmail.com,3263093921
Jason,Sutton,Jason_Sutton@gmail.com,3270851222
Daniel,Gagliardo,Daniel_Gagliardo@gmail.com,3275157387
Josh,Choi,Josh_Choi@gmail.com,3281360255
Aparajita,Tripathi,Aparajita_Tripathi@gmail.com,3284579793
Gandharv,Bedi,Gandharv_Bedi@gmail.com,3284218137
Yakov,Tsveig,Yakov_Tsveig@gmail.com,3287836909
Benjamin,Kruger,Benjamin_Kruger@gmail.com,3301731452
