first_name,last_name,email,mobile
Cristina,Iftimie,Cristina_Iftimie@gmail.com,3219199979
Vincent,Yu,Vincent_Yu@gmail.com,3219136387
Reema ,Smith,Reema _Smith@gmail.com,3222723117
A.J. ,Camelon,A.J. _Camelon@gmail.com,3237302028
Henry,Frankievich,Henry_Frankievich@gmail.com,3242901682
Kalina,Ivanova,Kalina_Ivanova@gmail.com,3254237880
Elizabeth, Thomas ,Elizabeth_ Thomas @gmail.com,3267506328
Greg,Lim,Greg_Lim@gmail.com,3277021885
Jillian,Fogarty,Jillian_Fogarty@gmail.com,3284785989
Karl,Shum,Karl_Shum@gmail.com,3294969681
John,Eleoterio,John_Eleoterio@gmail.com,3303925258
Adam,Garson,Adam_Garson@gmail.com,3313394219
Alan,Glass,Alan_Glass@gmail.com,3320485944
Jorge ,Villegas,Jorge _Villegas@gmail.com,3320752289
Cecilio,Velasco,Cecilio_Velasco@gmail.com,3323713851
Nikhil,Thykral,Nikhil_Thykral@gmail.com,3332706217
Alexander,Bennett,Alexander_Bennett@gmail.com,3344908740
